{
	"$schema": "https://biomejs.dev/schemas/2.3.14/schema.json",
	"vcs": {
		"enabled": true,
		"clientKind": "git",
		"useIgnoreFile": true
	},
	"files": {
		"ignoreUnknown": false
	},
	"formatter": {
		"enabled": true,
		"indentStyle": "tab",
		"indentWidth": 2,
		"lineWidth": 100
	},
	"linter": {
		"rules": {
			"recommended": true,
			"correctness": {
				"useExhaustiveDependencies": "off"
			}
		}
	},
	"javascript": {
		"formatter": {
			"jsxQuoteStyle": "double",
			"quoteStyle": "single",
			"semicolons": "always"
		}
	},
	"assist": {
		"enabled": true,
		"actions": {
			"source": {
				"organizeImports": "on"
			}
		}
	}
}
